<lsf>
	<!-- Initials -->
	<initials>
		<reference length="2" />
		<root id="root" />
	</initials>
	<!-- Camera -->
	<views default="default">
		<!-- at least one of the following type of cameras must be declared -->
		<perspective id="default" near="0.1" far="500" angle="60">
			<from x="5" y="3.5" z="5" />
			<to x="0" y="0" z="0" />
		</perspective>
		<perspective id="back" near="0.1" far="500" angle="70">
			<from x="0" y="1.5" z="-4.9" />
			<to x="0" y="1" z="0" />
		</perspective>
		<perspective id="front" near="0.1" far="500" angle="70">
			<from x="0" y="1.5" z="4.9" />
			<to x="0" y="1" z="0" />
		</perspective>
		<perspective id="desk" near="0.1" far="500" angle="60">
			<from x="2.5" y="2.5" z="1" />
			<to x="2.5" y="0" z="4" />
		</perspective>
		<ortho id="orthoBack" near="0.2" far="100" left="-6" right="6" top="5" bottom="-1">
			<from x="0" y="0" z="-4" />
			<to x="0" y="0" z="4" />
			<up x="0" y="2" z="0" />
		</ortho>
		<ortho id="orthoFront" near="0.2" far="100" left="-6" right="6" top="5" bottom="-1">
			<from x="0" y="0" z="4" />
			<to x="0" y="0" z="-4" />
			<up x="0" y="2" z="0" />
		</ortho>
		<ortho id="orthoLeft" near="0.2" far="100" left="-6" right="6" top="5" bottom="-1">
			<from x="-4" y="0" z="0" />
			<to x="4" y="0" z="0" />
			<up x="0" y="2" z="0" />
		</ortho>
		<ortho id="orthoRight" near="0.2" far="100" left="-6" right="6" top="5" bottom="-1">
			<from x="4" y="0" z="0" />
			<to x="-4" y="0" z="0" />
			<up x="0" y="2" z="0" />
		</ortho>
	</views>
	<!-- Ilumination -->
	<illumination>
		<ambient r="0.30" g="0.30" b="0.30" a="1.0" />
		<background r="0.0" g="0.0" b="0.0" a="1.0" />
	</illumination>
	<!-- Lights -->
	<lights>
		<light id="light1">
			<enable value="1" />
			<position x="0" y="3.95" z="4.95" w="1" />
			<!-- w=1: point light; w=0: directional light -->
			<ambient r="0.05" g="0.05" b="0.05" a="1.0" />
			<diffuse r="0.87" g="0.87" b="0.87" a="1.0" />
			<specular r="0.1" g="0.05" b="0.05" a="1.0" />
		</light>
		<light id="light2">
			<enable value="1" />
			<position x="0" y="3.95" z="-4.95" w="1" />
			<!-- w=1: point light; w=0: directional light -->
			<ambient r="0.05" g="0.05" b="0.05" a="1.0" />
			<diffuse r="0.87" g="0.87" b="0.87" a="1.0" />
			<specular r="0.1" g="0.05" b="0.05" a="1.0" />
		</light>
		<light id="window-left">
			<enable value="1" />
			<position x="-8" y="1.95" z="0" w="1" />
			<!-- w=1: point light; w=0: directional light -->
			<ambient r="0.05" g="0.05" b="0.05" a="1.0" />
			<diffuse r="0.7" g="0.7" b="0.7" a="1.0" />
			<specular r="0.1" g="0.05" b="0.05" a="1.0" />
		</light>
		<light id="window-right">
			<enable value="1" />
			<position x="8" y="1.95" z="0" w="1" />
			<!-- w=1: point light; w=0: directional light -->
			<ambient r="0.05" g="0.05" b="0.05" a="1.0" />
			<diffuse r="0.7" g="0.7" b="0.7" a="1.0" />
			<specular r="0.1" g="0.05" b="0.05" a="1.0" />
		</light>
	</lights>
	<!-- Textures -->
	<textures>
		<texture id="floor" path="./scenes/images/floor.jpg" />
		<texture id="computer-wallpaper" path="./scenes/images/windowsXP.jpg" />
		<texture id="whiteboard" path="./scenes/images/whiteboard.jpg" />
		<texture id="whiteboard-frame" path="./scenes/images/wood-board.jpg" />
		<texture id="wall" path="./scenes/images/wall.jpg" />
		<texture id="cork" path="./scenes/images/cork.jpg" />
		<texture id="keyboard-top" path="./scenes/images/keyboard.jpg" />
		<texture id="footer" path="./scenes/images/footer.jpg" />
		<texture id="door" path="./scenes/images/door.jpg" />
		<texture id="light-wood" path="./scenes/images/light-wood.jpg" />
		<texture id="dark-wood" path="./scenes/images/dark-wood.jpg" />
		<texture id="glass-window" path="./scenes/images/glass-window.jpg" />
	</textures>
	<!-- Materials -->
	<materials>
		<material id="floor">
			<shininess value="5.0" />
			<ambient r="0.5" g="0.5" b="0.5" a="1.0" />
			<diffuse r="0.7" g="0.7" b="0.7" a="1.0" />
			<specular r="0.0" g="0.0" b="0.0" a="1.0" />
			<emissive r="0.0" g="0.0" b="0.0" a="1.0" />
		</material>
		<material id="inox">
			<shininess value="50.0" />
			<ambient r="0.15" g="0.15" b="0.15" a="1.0" />
			<diffuse r="0.20" g="0.20" b="0.20" a="1.0" />
			<specular r="0.3" g="0.3" b="0.3" a="1.0" />
			<emissive r="0.0" g="0.0" b="0.0" a="1.0" />
		</material>
		<material id="wall">
			<shininess value="10.0" />
			<ambient r="0.5" g="0.5" b="0.5" a="1.0" />
			<diffuse r="0.60" g="0.60" b="0.60" a="1.0" />
			<specular r="0.0" g="0.0" b="0.0" a="1.0" />
			<emissive r="0.0" g="0.0" b="0.0" a="1.0" />
		</material>
		<material id="reflective-screen">
			<shininess value="10.0" />
			<ambient r="0.6" g="0.6" b="0.6" a="1.0" />
			<diffuse r="1.0" g="1.0" b="1.0" a="1.0" />
			<specular r="0.5" g="0.5" b="0.5" a="1.0" />
			<emissive r="0.0" g="0.0" b="0.0" a="1.0" />
		</material>
		<material id="keyboard-top">
			<shininess value="10.0" />
			<ambient r="0.6" g="0.6" b="0.6" a="1.0" />
			<diffuse r="1.0" g="1.0" b="1.0" a="1.0" />
			<specular r="0.15" g="0.15" b="0.15" a="1.0" />
			<emissive r="0.0" g="0.0" b="0.0" a="1.0" />
		</material>
		<material id="keyboard-parts">
			<shininess value="10.0" />
			<ambient r="0.0" g="0.0" b="0.0" a="1.0" />
			<diffuse r="0.01" g="0.01" b="0.01" a="1.0" />
			<specular r="0.05" g="0.05" b="0.05" a="1.0" />
			<emissive r="0.0" g="0.0" b="0.0" a="1.0" />
		</material>
		<material id="computer-parts">
			<shininess value="10.0" />
			<ambient r="0.0" g="0.0" b="0.0" a="1.0" />
			<diffuse r="0.01" g="0.01" b="0.01" a="1.0" />
			<specular r="0.03" g="0.03" b="0.03" a="1.0" />
			<emissive r="0.0" g="0.0" b="0.0" a="1.0" />
		</material>
		<material id="monitor-parts">
			<shininess value="50.0" />
			<ambient r="0.10" g="0.10" b="0.10" a="1.0" />
			<diffuse r="0.15" g="0.15" b="0.15" a="1.0" />
			<specular r="0.03" g="0.03" b="0.03" a="1.0" />
			<emissive r="0.0" g="0.0" b="0.0" a="1.0" />
		</material>
		<material id="chair-wood">
			<shininess value="2.0" />
			<ambient r="0.22" g="0.16" b="0.08" a="1.0" />
			<diffuse r="0.26" g="0.19" b="0.11" a="1.0" />
			<specular r="0.0" g="0.0" b="0.0" a="1.0" />
			<emissive r="0.0" g="0.0" b="0.0" a="1.0" />
		</material>
		<material id="table-wood">
			<shininess value="2.0" />
			<ambient r="0.4" g="0.4" b="0.4" a="1.0" />
			<diffuse r="0.6" g="0.6" b="0.6" a="1.0" />
			<specular r="0.0" g="0.0" b="0.0" a="1.0" />
			<emissive r="0.0" g="0.0" b="0.0" a="1.0" />
		</material>
		<material id="ceiling">
			<shininess value="2.0" />
			<ambient r="0.6" g="0.6" b="0.6" a="1.0" />
			<diffuse r="0.8" g="0.8" b="0.8" a="1.0" />
			<specular r="0.0" g="0.0" b="0.0" a="1.0" />
			<emissive r="0.0" g="0.0" b="0.0" a="1.0" />
		</material>
		<material id="door-frame">
			<shininess value="2.0" />
			<ambient r="0.5" g="0.5" b="0.5" a="1.0" />
			<diffuse r="0.7" g="0.7" b="0.7" a="1.0" />
			<specular r="0.6" g="0.6" b="0.6" a="1.0" />
			<emissive r="0.0" g="0.0" b="0.0" a="1.0" />
		</material>
		<material id="light-wood">
			<shininess value="2.0" />
			<ambient r="0.6" g="0.35" b="0.08" a="1.0" />
			<diffuse r="0.65" g="0.4" b="0.11" a="1.0" />
			<specular r="0.0" g="0.0" b="0.0" a="1.0" />
			<emissive r="0.0" g="0.0" b="0.0" a="1.0" />
		</material>
		<material id="dark-wood">
			<shininess value="2.0" />
			<ambient r="0.33" g="0.2" b="0.08" a="1.0" />
			<diffuse r="0.35" g="0.22" b="0.11" a="1.0" />
			<specular r="0.0" g="0.0" b="0.0" a="1.0" />
			<emissive r="0.0" g="0.0" b="0.0" a="1.0" />
		</material>
		<material id="glass-window">
			<shininess value="2.0" />
			<ambient r="0.44" g="0.64" b="0.95" a="1.0" />
			<diffuse r="0.50" g="0.7" b="0.96" a="1.0" />
			<specular r="0.0" g="0.0" b="0.0" a="1.0" />
			<emissive r="0.0" g="0.0" b="0.0" a="1.0" />
		</material>
	</materials>
	<nodes>
		<node id="root">
			<material id="clear" />
			<texture id="clear" />
			<descendants>
				<noderef id="room" />
			</descendants>
		</node>
		<!-- Room container, floor is 10x10 and walls 10x4 -->
		<node id="room">
			<material id="clear" />
			<texture id="clear" />
			<descendants>
				<noderef id="floor" />
				<noderef id="ceiling" />
				<noderef id="walls" />
				<noderef id="desks" />
				<noderef id="whiteboard" />
				<noderef id="room-footer" />
				<noderef id="door" />
				<noderef id="windows" />
			</descendants>
		</node>
		<node id="floor">
			<material id="floor" />
			<texture id="floor">
				<amplification afs="8.0" aft="4.0" />
			</texture>
			<transformations>
				<rotation axis="x" angle="-90" />
			</transformations>
			<descendants>
				<leaf type="rectangle" x1="-5" y1="-5" x2="5" y2="5" />
			</descendants>
		</node>
		<node id="ceiling">
			<material id="ceiling" />
			<texture id="cork">
				<amplification afs="6.0" aft="8.0" />
			</texture>
			<transformations>
				<translation x="0" y="4.0" z="0" />
				<rotation axis="x" angle="90" />
			</transformations>
			<descendants>
				<leaf type="rectangle" x1="-5" y1="-5" x2="5" y2="5" />
			</descendants>
		</node>
		<node id="walls">
			<material id="wall" />
			<texture id="wall">
				<amplification afs="1.0" aft="1.0" />
			</texture>
			<descendants>
				<noderef id="back-wall" />
				<noderef id="front-wall" />
				<noderef id="left-wall" />
				<noderef id="right-wall" />
			</descendants>
		</node>
		<node id="wall">
			<material id="null" />
			<texture id="null">
				<amplification afs="4.0" aft="4.0" />
			</texture>
			<descendants>
				<leaf type="rectangle" x1="-5" y1="0" x2="5" y2="4" />
			</descendants>
		</node>
		<node id="back-wall">
			<material id="null" />
			<texture id="null">
				<amplification afs="1.0" aft="1.0" />
			</texture>
			<transformations>
				<translation x="0" y="0" z="-5" />
			</transformations>
			<descendants>
				<noderef id="wall" />
			</descendants>
		</node>
		<node id="front-wall">
			<material id="null" />
			<texture id="null">
				<amplification afs="1.0" aft="1.0" />
			</texture>
			<transformations>
				<translation x="0" y="0" z="5" />
				<rotation axis="y" angle="180" />
			</transformations>
			<descendants>
				<noderef id="wall" />
			</descendants>
		</node>
		<node id="left-wall">
			<material id="null" />
			<texture id="null">
				<amplification afs="1.0" aft="1.0" />
			</texture>
			<transformations>
				<translation x="-5" y="0" z="0" />
				<rotation axis="y" angle="90" />
			</transformations>
			<descendants>
				<noderef id="wall" />
			</descendants>
		</node>
		<node id="right-wall">
			<material id="null" />
			<texture id="null">
				<amplification afs="1.0" aft="1.0" />
			</texture>
			<transformations>
				<translation x="5" y="0" z="0" />
				<rotation axis="y" angle="-90" />
			</transformations>
			<descendants>
				<noderef id="wall" />
			</descendants>
		</node>
		<!-- END - Room container -->
		<!-- Door -->
		<node id="door">
			<material id="clear" />
			<texture id="clear" />
			<transformations>
				<translation x="0" y="0" z="-4.94" />
			</transformations>
			<descendants>
				<noderef id="door-top-frame" />
				<noderef id="door-right-frame" />
				<noderef id="door-left-frame" />
				<noderef id="door-front" />
				<noderef id="door-handle" />
			</descendants>
		</node>
		<node id="door-handle">
			<material id="clear" />
			<texture id="door">
				<amplification afs="1.0" aft="1.0" />
			</texture>
			<transformations>
				<translation x="-0.5" y="1.4" z="0.08" />
			</transformations>
			<descendants>
				<noderef id="door-handle-support" />
				<leaf type="sphere" radius="0.05" slices="20" stacks="20" />
			</descendants>
		</node>
		<node id="door-handle-support">
			<material id="clear" />
			<texture id="door">
				<amplification afs="1" aft="1" />
			</texture>
			<transformations>
				<translation x="0" y="0" z="-0.1" />
			</transformations>
			<descendants>
				<leaf type="cylinder" height="0.1" bottomRadius="0.02" topRadius="0.02" stacks="10" slices="10" />
			</descendants>
		</node>
		<node id="door-front">
			<material id="null" />
			<texture id="door">
				<amplification afs="1" aft="1" />
			</texture>
			<transformations>
				<translation x="-0.75" y="0" z="0" />
			</transformations>
			<descendants>
				<leaf type="rectangle" x1="0" y1="0" x2="1.5" y2="3" />
			</descendants>
		</node>
		<node id="door-top-frame">
			<material id="door-frame" />
			<texture id="clear" />
			<transformations>
				<translation x="-0.75" y="3" z="-0.03" />
				<rotation axis="x" angle="-90" />
			</transformations>
			<descendants>
				<leaf type="rectangle" x1="0" y1="-0.03" x2="1.5" y2="0.03" />
			</descendants>
		</node>
		<node id="door-right-frame">
			<material id="door-frame" />
			<texture id="clear" />
			<transformations>
				<translation x="0.75" y="0" z="0" />
				<rotation axis="y" angle="90" />
			</transformations>
			<descendants>
				<leaf type="rectangle" x1="0" y1="0" x2="0.06" y2="3" />
			</descendants>
		</node>
		<node id="door-left-frame">
			<material id="door-frame" />
			<texture id="clear" />
			<transformations>
				<translation x="-0.75" y="0" z="0" />
				<rotation axis="y" angle="-90" />
			</transformations>
			<descendants>
				<leaf type="rectangle" x1="0" y1="0" x2="0.06" y2="3" />
			</descendants>
		</node>
		<!-- END - Door -->
		<!-- Windows -->
		<node id="windows">
			<material id="clear" />
			<texture id="clear" />
			<transformations>
			</transformations>
			<descendants>
				<noderef id="window-left" />
				<noderef id="window-right" />
			</descendants>
		</node>
		<node id="window-right">
			<material id="clear" />
			<texture id="clear" />
			<transformations>
				<translation x="-4.90" y="1.5" z="0" />
				<rotation axis="y" angle="90" />
			</transformations>
			<descendants>
				<noderef id="window-outer-frames" />
				<noderef id="window-left-half" />
				<noderef id="window-right-half" />
			</descendants>
		</node>
		<node id="window-left">
			<material id="clear" />
			<texture id="clear" />
			<transformations>
				<translation x="4.90" y="1.5" z="0" />
				<rotation axis="y" angle="-90" />
			</transformations>
			<descendants>
				<noderef id="window-outer-frames" />
				<noderef id="window-left-half" />
				<noderef id="window-right-half" />
			</descendants>
		</node>
		<node id="window-outer-frames">
			<material id="null" />
			<texture id="null">
				<amplification afs="1.0" aft="1.0" />
			</texture>
			<transformations>
			</transformations>
			<descendants>
				<noderef id="window-top-frame" />
				<noderef id="window-left-frame" />
				<noderef id="window-bottom-frame" />
				<noderef id="window-right-frame" />
				<noderef id="window-top-front-frame" />
				<noderef id="window-bottom-front-frame" />
				<noderef id="window-left-front-frame" />
				<noderef id="window-right-front-frame" />
			</descendants>
		</node>
		<node id="window-top-front-frame">
			<material id="dark-wood" />
			<texture id="dark-wood">
				<amplification afs="1" aft="1" />
			</texture>
			<transformations>
				<translation x="-0.75" y="1.4" z="0" />
			</transformations>
			<descendants>
				<leaf type="rectangle" x1="0" y1="0" x2="1.5" y2="0.1" />
			</descendants>
		</node>
		<node id="window-left-front-frame">
			<material id="dark-wood" />
			<texture id="dark-wood">
				<amplification afs="1" aft="1" />
			</texture>
			<transformations>
				<translation x="-0.65" y="0.75" z="0" />
				<rotation axis="z" angle="90" />
			</transformations>
			<descendants>
				<leaf type="rectangle" x1="-0.75" y1="0" x2="0.75" y2="0.1" />
			</descendants>
		</node>
		<node id="window-bottom-front-frame">
			<material id="dark-wood" />
			<texture id="dark-wood">
				<amplification afs="1" aft="1" />
			</texture>
			<transformations>
				<translation x="-0.75" y="0" z="0" />
			</transformations>
			<descendants>
				<leaf type="rectangle" x1="0" y1="0" x2="1.5" y2="0.1" />
			</descendants>
		</node>
		<node id="window-right-front-frame">
			<material id="dark-wood" />
			<texture id="dark-wood">
				<amplification afs="1" aft="1" />
			</texture>
			<transformations>
				<translation x="0.75" y="0.75" z="0" />
				<rotation axis="z" angle="90" />
			</transformations>
			<descendants>
				<leaf type="rectangle" x1="-0.75" y1="0" x2="0.75" y2="0.1" />
			</descendants>
		</node>
		<node id="window-top-frame">
			<material id="dark-wood" />
			<texture id="dark-wood">
				<amplification afs="1" aft="1" />
			</texture>
			<transformations>
				<translation x="0" y="1.5" z="0" />
				<rotation axis="x" angle="-90" />
			</transformations>
			<descendants>
				<leaf type="rectangle" x1="-0.75" y1="0" x2="0.75" y2="0.1" />
			</descendants>
		</node>
		<node id="window-left-frame">
			<material id="dark-wood" />
			<texture id="dark-wood">
				<amplification afs="1" aft="1" />
			</texture>
			<transformations>
				<translation x="-0.75" y="0" z="-0.1" />
				<rotation axis="y" angle="-90" />
			</transformations>
			<descendants>
				<leaf type="rectangle" x1="0" y1="0" x2="0.1" y2="1.5" />
			</descendants>
		</node>
		<node id="window-bottom-frame">
			<material id="dark-wood" />
			<texture id="dark-wood">
				<amplification afs="1" aft="1" />
			</texture>
			<transformations>
				<translation x="0" y="0.05" z="0" />
				<rotation axis="x" angle="90" />
			</transformations>
			<descendants>
				<leaf type="rectangle" x1="-0.75" y1="0" x2="0.75" y2="0.1" />
			</descendants>
		</node>
		<node id="window-right-frame">
			<material id="dark-wood" />
			<texture id="dark-wood">
				<amplification afs="1" aft="1" />
			</texture>
			<transformations>
				<translation x="0.75" y="0" z="0" />
				<rotation axis="y" angle="90" />
			</transformations>
			<descendants>
				<leaf type="rectangle" x1="0" y1="0" x2="0.1" y2="1.5" />
			</descendants>
		</node>
		<node id="window-left-half">
			<material id="clear" />
			<texture id="clear" />
			<transformations>
			</transformations>
			<descendants>
				<noderef id="window-half-interior" />
				<noderef id="window-half-separator" />
				<noderef id="window-glass" />
			</descendants>
		</node>
		<node id="window-right-half">
			<material id="clear" />
			<texture id="clear" />
			<transformations>
				<translation x="0.65" y="0" z="-0.05" />
			</transformations>
			<descendants>
				<noderef id="window-half-interior" />
				<noderef id="window-glass" />
				<noderef id="right-half-right-frame" />
				<noderef id="right-half-top-frame" />
				<noderef id="right-half-bottom-frame" />
			</descendants>
		</node>
		<node id="window-half-separator">
			<material id="dark-wood" />
			<texture id="dark-wood">
				<amplification afs="1" aft="1" />
			</texture>
			<transformations>
				<translation x="0" y="0" z="0" />
				<rotation axis="y" angle="90" />
			</transformations>
			<descendants>
				<leaf type="rectangle" x1="0" y1="0" x2="0.1" y2="1.5" />
			</descendants>
		</node>
		<node id="window-half-interior">
			<material id="null" />
			<texture id="null">
				<amplification afs="1.0" aft="1.0" />
			</texture>
			<transformations>
			</transformations>
			<descendants>
				<noderef id="inner-top-frame" />
				<noderef id="inner-left-frame" />
				<noderef id="inner-bottom-frame" />
				<noderef id="inner-right-frame" />
			</descendants>
		</node>
		<node id="inner-top-frame">
			<material id="light-wood" />
			<texture id="light-wood">
				<amplification afs="1" aft="1" />
			</texture>
			<transformations>
				<translation x="-0.65" y="1.4" z="0" />
				<rotation axis="z" angle="-90" />
			</transformations>
			<descendants>
				<leaf type="rectangle" x1="0" y1="0" x2="0.05" y2="0.7" />
			</descendants>
		</node>
		<node id="inner-left-frame">
			<material id="light-wood" />
			<texture id="light-wood">
				<amplification afs="1" aft="1" />
			</texture>
			<transformations>
				<translation x="-0.65" y="0.1" z="0" />
			</transformations>
			<descendants>
				<leaf type="rectangle" x1="0" y1="0" x2="0.05" y2="1.3" />
			</descendants>
		</node>
		<node id="inner-bottom-frame">
			<material id="light-wood" />
			<texture id="light-wood">
				<amplification afs="1" aft="1" />
			</texture>
			<transformations>
				<translation x="-0.65" y="0.15" z="0" />
				<rotation axis="z" angle="-90" />
			</transformations>
			<descendants>
				<leaf type="rectangle" x1="0" y1="0" x2="0.05" y2="0.7" />
			</descendants>
		</node>
		<node id="inner-right-frame">
			<material id="light-wood" />
			<texture id="light-wood">
				<amplification afs="1" aft="1" />
			</texture>
			<transformations>
				<translation x="-0.025" y="0.1" z="0" />
			</transformations>
			<descendants>
				<leaf type="rectangle" x1="0" y1="0" x2="0.05" y2="1.3" />
			</descendants>
		</node>
		<node id="window-glass">
			<material id="glass-window" />
			<texture id="glass-window">
				<amplification afs="1" aft="1" />
			</texture>
			<transformations>
				<translation x="-0.65" y="0.15" z="-0.01" />
			</transformations>
			<descendants>
				<leaf type="rectangle" x1="0" y1="0" x2="0.65" y2="1.2" />
			</descendants>
		</node>
		<node id="right-half-right-frame">
			<material id="dark-wood" />
			<texture id="dark-wood">
				<amplification afs="1" aft="1" />
			</texture>
			<transformations>
				<translation x="0" y="0" z="0" />
				<rotation axis="y" angle="-90" />
			</transformations>
			<descendants>
				<leaf type="rectangle" x1="0" y1="0" x2="0.1" y2="1.5" />
			</descendants>
		</node>
		<node id="right-half-top-frame">
			<material id="dark-wood" />
			<texture id="dark-wood">
				<amplification afs="1" aft="1" />
			</texture>
			<transformations>
				<translation x="0" y="1.4" z="0" />
				<rotation axis="z" angle="90" />
				<rotation axis="y" angle="-90" />
			</transformations>
			<descendants>
				<leaf type="rectangle" x1="0" y1="0" x2="0.1" y2="0.65" />
			</descendants>
		</node>
		<node id="right-half-bottom-frame">
			<material id="dark-wood" />
			<texture id="dark-wood">
				<amplification afs="1" aft="1" />
			</texture>
			<transformations>
				<translation x="-0.65" y="0.1" z="0" />
				<rotation axis="z" angle="-90" />
				<rotation axis="y" angle="-90" />
			</transformations>
			<descendants>
				<leaf type="rectangle" x1="0" y1="0" x2="0.1" y2="0.65" />
			</descendants>
		</node>
		<!-- END - Windows -->
		<!-- Whiteboard -->
		<node id="whiteboard">
			<material id="clear" />
			<texture id="null">
				<amplification afs="1.0" aft="1.0" />
			</texture>
			<transformations>
				<translation x="0" y="1" z="4.97" />
				<rotation axis="y" angle="180" />
			</transformations>
			<descendants>
				<noderef id="whiteboard-frame" />
				<noderef id="whiteboard-screen" />
			</descendants>
		</node>
		<node id="whiteboard-screen">
			<material id="null" />
			<texture id="whiteboard">
				<amplification afs="1" aft="1" />
			</texture>
			<transformations>
				<translation x="0" y="0" z="-0.025" />
			</transformations>
			<descendants>
				<leaf type="rectangle" x1="-2" y1="0" x2="2" y2="2" />
			</descendants>
		</node>
		<node id="whiteboard-frame">
			<material id="null" />
			<texture id="whiteboard-frame">
				<amplification afs="1.0" aft="1.0" />
			</texture>
			<descendants>
				<noderef id="whiteboard-frame-bottom" />
				<noderef id="whiteboard-frame-top" />
				<noderef id="whiteboard-frame-left" />
				<noderef id="whiteboard-frame-right" />
			</descendants>
		</node>
		<node id="whiteboard-frame-top">
			<material id="null" />
			<texture id="null">
				<amplification afs="1.0" aft="1.0" />
			</texture>
			<transformations>
				<translation x="0" y="2" z="0" />
			</transformations>
			<descendants>
				<noderef id="whiteboard-horizontal-frame" />
			</descendants>
		</node>
		<node id="whiteboard-frame-bottom">
			<material id="null" />
			<texture id="null">
				<amplification afs="1.0" aft="1.0" />
			</texture>
			<descendants>
				<noderef id="whiteboard-horizontal-frame" />
			</descendants>
		</node>
		<node id="whiteboard-frame-left">
			<material id="null" />
			<texture id="null">
				<amplification afs="1.0" aft="1.0" />
			</texture>
			<transformations>
				<translation x="-1.97" y="0" z="0" />
			</transformations>
			<descendants>
				<noderef id="whiteboard-vertical-frame" />
			</descendants>
		</node>
		<node id="whiteboard-frame-right">
			<material id="null" />
			<texture id="null">
				<amplification afs="1.0" aft="1.0" />
			</texture>
			<transformations>
				<translation x="1.97" y="0" z="0" />
			</transformations>
			<descendants>
				<noderef id="whiteboard-vertical-frame" />
			</descendants>
		</node>
		<node id="whiteboard-horizontal-frame">
			<material id="null" />
			<texture id="null">
				<amplification afs="1.0" aft="1.0" />
			</texture>
			<descendants>
				<noderef id="whiteboard-horizontal-frame-bottom" />
				<noderef id="whiteboard-horizontal-frame-top" />
				<noderef id="whiteboard-horizontal-frame-front" />
			</descendants>
		</node>
		<node id="whiteboard-vertical-frame">
			<material id="null" />
			<texture id="null">
				<amplification afs="1.0" aft="1.0" />
			</texture>
			<descendants>
				<noderef id="whiteboard-vertical-frame-front" />
				<noderef id="whiteboard-vertical-frame-left" />
				<noderef id="whiteboard-vertical-frame-right" />
			</descendants>
		</node>
		<node id="whiteboard-horizontal-frame-bottom">
			<material id="null" />
			<texture id="null">
				<amplification afs="1.0" aft="1.0" />
			</texture>
			<transformations>
				<translation x="0" y="-0.03" z="0" />
				<rotation axis="x" angle="90" />
			</transformations>
			<descendants>
				<noderef id="whiteboard-frame-horizontal" />
			</descendants>
		</node>
		<node id="whiteboard-horizontal-frame-top">
			<material id="null" />
			<texture id="null">
				<amplification afs="1.0" aft="1.0" />
			</texture>
			<transformations>
				<translation x="0" y="0.03" z="0" />
				<rotation axis="x" angle="-90" />
			</transformations>
			<descendants>
				<noderef id="whiteboard-frame-horizontal" />
			</descendants>
		</node>
		<node id="whiteboard-horizontal-frame-front">
			<material id="null" />
			<texture id="null">
				<amplification afs="1.0" aft="1.0" />
			</texture>
			<transformations>
				<translation x="0" y="0" z="0.03" />
			</transformations>
			<descendants>
				<noderef id="whiteboard-frame-horizontal" />
			</descendants>
		</node>
		<node id="whiteboard-vertical-frame-front">
			<material id="null" />
			<texture id="null">
				<amplification afs="1.0" aft="1.0" />
			</texture>
			<transformations>
				<translation x="0" y="1" z="0.03" />
			</transformations>
			<descendants>
				<noderef id="whiteboard-frame-vertical" />
			</descendants>
		</node>
		<node id="whiteboard-vertical-frame-right">
			<material id="null" />
			<texture id="null">
				<amplification afs="1.0" aft="1.0" />
			</texture>
			<transformations>
				<translation x="0.03" y="1" z="0" />
				<rotation axis="y" angle="90" />
			</transformations>
			<descendants>
				<noderef id="whiteboard-frame-vertical" />
			</descendants>
		</node>
		<node id="whiteboard-vertical-frame-left">
			<material id="null" />
			<texture id="null">
				<amplification afs="1.0" aft="1.0" />
			</texture>
			<transformations>
				<translation x="-0.03" y="1" z="0" />
				<rotation axis="y" angle="-90" />
			</transformations>
			<descendants>
				<noderef id="whiteboard-frame-vertical" />
			</descendants>
		</node>
		<node id="whiteboard-frame-horizontal">
			<material id="null" />
			<texture id="null">
				<amplification afs="5" aft="1" />
			</texture>
			<descendants>
				<leaf type="rectangle" x1="-2" y1="-0.03" x2="2" y2="0.03" />
			</descendants>
		</node>
		<node id="whiteboard-frame-vertical">
			<material id="null" />
			<texture id="null">
				<amplification afs="2.5" aft="1" />
			</texture>
			<descendants>
				<leaf type="rectangle" x1="-0.03" y1="-1.03" x2="0.03" y2="1.03" />
			</descendants>
		</node>
		<!-- END - Whiteboard -->
		<!-- Skirting Board -->
		<node id="room-footer">
			<material id="clear" />
			<texture id="clear" />
			<transformations>
			</transformations>
			<descendants>
				<noderef id="footer-back" />
				<noderef id="footer-left" />
				<noderef id="footer-front" />
				<noderef id="footer-right" />
			</descendants>
		</node>
		<node id="footer-back">
			<material id="null" />
			<texture id="clear" />
			<transformations>
				<translation x="0" y="0.0" z="-4.90" />
			</transformations>
			<descendants>
				<noderef id="footer-front-face" />
				<noderef id="footer-top-face" />
			</descendants>
		</node>
		<node id="footer-left">
			<material id="null" />
			<texture id="clear" />
			<transformations>
				<translation x="4.90" y="0.0" z="0" />
				<rotation axis="y" angle="-90" />
			</transformations>
			<descendants>
				<noderef id="footer-front-face" />
				<noderef id="footer-top-face" />
			</descendants>
		</node>
		<node id="footer-front">
			<material id="null" />
			<texture id="clear" />
			<transformations>
				<translation x="0" y="0.0" z="4.90" />
				<rotation axis="y" angle="180" />
			</transformations>
			<descendants>
				<noderef id="footer-front-face" />
				<noderef id="footer-top-face" />
			</descendants>
		</node>
		<node id="footer-right">
			<material id="null" />
			<texture id="clear" />
			<transformations>
				<translation x="-4.90" y="0" z="0" />
				<rotation axis="y" angle="90" />
			</transformations>
			<descendants>
				<noderef id="footer-front-face" />
				<noderef id="footer-top-face" />
			</descendants>
		</node>
		<node id="footer-front-face">
			<material id="null" />
			<texture id="footer">
				<amplification afs="20" aft="1" />
			</texture>
			<transformations>
				<translation x="0" y="0" z="-0.05" />
			</transformations>
			<descendants>
				<leaf type="rectangle" x1="-5" y1="0" x2="5" y2="0.05" />
			</descendants>
		</node>
		<node id="footer-top-face">
			<material id="null" />
			<texture id="footer">
				<amplification afs="20" aft="1" />
			</texture>
			<transformations>
				<translation x="0" y="0.05" z="-0.05" />
				<rotation axis="x" angle="-90" />
			</transformations>
			<descendants>
				<leaf type="rectangle" x1="-5" y1="0" x2="5" y2="0.05" />
			</descendants>
		</node>
		<!-- END - Skirting Board -->
		<!-- Chairs -->
		<node id="chair-pair">
			<material id="clear" />
			<texture id="clear" />
			<transformations>
				<translation x="0" y="0" z="-0.65" />
			</transformations>
			<descendants>
				<noderef id="chair1" />
				<noderef id="chair2" />
			</descendants>
		</node>
		<node id="chair1">
			<material id="clear" />
			<texture id="clear" />
			<transformations>
				<translation x="-0.38" y="0" z="0" />
			</transformations>
			<descendants>
				<noderef id="chair" />
			</descendants>
		</node>
		<node id="chair2">
			<material id="clear" />
			<texture id="clear" />
			<transformations>
				<translation x="0.38" y="0" z="0" />
			</transformations>
			<descendants>
				<noderef id="chair" />
			</descendants>
		</node>
		<node id="chair">
			<material id="clear" />
			<texture id="clear" />
			<descendants>
				<noderef id="chair-back" />
				<noderef id="chair-top" />
				<noderef id="chair-legs" />
			</descendants>
		</node>
		<node id="chair-legs">
			<material id="inox" />
			<texture id="clear" />
			<descendants>
				<noderef id="chair-leg-left-back" />
				<noderef id="chair-leg-right-back" />
				<noderef id="chair-leg-left-front" />
				<noderef id="chair-leg-right-front" />
			</descendants>
		</node>
		<node id="chair-back">
			<material id="chair-wood" />
			<texture id="null">
				<amplification afs="1" aft="1" />
			</texture>
			<transformations>
				<translation x="0" y="0.9" z="-0.235" />
				<rotation axis="x" angle="90" />
				<scale sx="0.3" sy="0.015" sz="0.1" />
				<translation x="0" y="1" z="0" />
			</transformations>
			<descendants>
				<noderef id="cube" />
			</descendants>
		</node>
		<node id="chair-top">
			<material id="chair-wood" />
			<texture id="null">
				<amplification afs="1" aft="1" />
			</texture>
			<transformations>
				<translation x="0" y="0.5" z="0" />
				<scale sx="0.3" sy="0.015" sz="0.3" />
				<translation x="0" y="1" z="0" />
			</transformations>
			<descendants>
				<noderef id="cube" />
			</descendants>
		</node>
		<node id="chair-leg-left-back">
			<material id="null" />
			<texture id="null">
				<amplification afs="1" aft="1" />
			</texture>
			<transformations>
				<translation x="-0.25" y="0" z="-0.25" />
				<scale sx="1" sy="2" sz="1" />
			</transformations>
			<descendants>
				<noderef id="chair-leg" />
			</descendants>
		</node>
		<node id="chair-leg-right-back">
			<material id="null" />
			<texture id="null">
				<amplification afs="1" aft="1" />
			</texture>
			<transformations>
				<translation x="0.25" y="0" z="-0.25" />
				<scale sx="1" sy="2" sz="1" />
			</transformations>
			<descendants>
				<noderef id="chair-leg" />
			</descendants>
		</node>
		<node id="chair-leg-left-front">
			<material id="null" />
			<texture id="null">
				<amplification afs="1" aft="1" />
			</texture>
			<transformations>
				<translation x="-0.25" y="0" z="0.25" />
			</transformations>
			<descendants>
				<noderef id="chair-leg" />
			</descendants>
		</node>
		<node id="chair-leg-right-front">
			<material id="null" />
			<texture id="null">
				<amplification afs="1" aft="1" />
			</texture>
			<transformations>
				<translation x="0.25" y="0" z="0.25" />
			</transformations>
			<descendants>
				<noderef id="chair-leg" />
			</descendants>
		</node>
		<node id="chair-leg">
			<material id="null" />
			<texture id="null">
				<amplification afs="1" aft="1" />
			</texture>
			<transformations>
				<rotation axis="x" angle="-90" />
			</transformations>
			<descendants>
				<leaf type="cylinder" height="0.5" bottomRadius="0.02" topRadius="0.02" stacks="10" slices="10" />
			</descendants>
		</node>
		<!-- END - Chairs -->
		<!-- Tables -->
		<node id="desks">
			<material id="clear" />
			<texture id="clear" />
			<descendants>
				<noderef id="desk1" />
				<noderef id="desk2" />
				<noderef id="desk3" />
				<noderef id="desk4" />
				<noderef id="desk5" />
				<noderef id="desk6" />
			</descendants>
		</node>
		<node id="desk">
			<material id="null" />
			<texture id="null">
				<amplification afs="1.0" aft="1.0" />
			</texture>
			<descendants>
				<noderef id="chair-pair" />
				<noderef id="table" />
				<noderef id="computer-pair" />
			</descendants>
		</node>
		<node id="desk1">
			<material id="null" />
			<texture id="null">
				<amplification afs="1.0" aft="1.0" />
			</texture>
			<transformations>
				<translation x="-2.5" y="0" z="-2.85" />
			</transformations>
			<descendants>
				<noderef id="desk" />
			</descendants>
		</node>
		<node id="desk2">
			<material id="null" />
			<texture id="null">
				<amplification afs="1.0" aft="1.0" />
			</texture>
			<transformations>
				<translation x="2.5" y="0" z="-2.85" />
			</transformations>
			<descendants>
				<noderef id="desk" />
			</descendants>
		</node>
		<node id="desk3">
			<material id="null" />
			<texture id="null">
				<amplification afs="1.0" aft="1.0" />
			</texture>
			<transformations>
				<translation x="-2.5" y="0" z="0" />
			</transformations>
			<descendants>
				<noderef id="desk" />
			</descendants>
		</node>
		<node id="desk4">
			<material id="null" />
			<texture id="null">
				<amplification afs="1.0" aft="1.0" />
			</texture>
			<transformations>
				<translation x="2.5" y="0" z="0" />
			</transformations>
			<descendants>
				<noderef id="desk" />
			</descendants>
		</node>
		<node id="desk5">
			<material id="null" />
			<texture id="null">
				<amplification afs="1.0" aft="1.0" />
			</texture>
			<transformations>
				<translation x="-2.5" y="0" z="2.85" />
			</transformations>
			<descendants>
				<noderef id="desk" />
			</descendants>
		</node>
		<node id="desk6">
			<material id="null" />
			<texture id="null">
				<amplification afs="1.0" aft="1.0" />
			</texture>
			<transformations>
				<translation x="2.5" y="0" z="2.85" />
			</transformations>
			<descendants>
				<noderef id="desk" />
			</descendants>
		</node>
		<!-- Table, 1.30x0.7x1.075 centered at 0,0 -->
		<node id="table">
			<material id="clear" />
			<texture id="null">
				<amplification afs="1.0" aft="1.0" />
			</texture>
			<descendants>
				<noderef id="table-top" />
				<noderef id="table-legs" />
			</descendants>
		</node>
		<node id="table-top">
			<material id="table-wood" />
			<texture id="null">
				<amplification afs="1.0" aft="1.0" />
			</texture>
			<transformations>
				<translation x="0" y="1" z="0" />
				<scale sx="1.0" sy="0.025" sz="0.65" />
				<translation x="0" y="1" z="0" />
			</transformations>
			<descendants>
				<noderef id="cube" />
			</descendants>
		</node>
		<node id="table-legs">
			<material id="null" />
			<texture id="null">
				<amplification afs="1.0" aft="1.0" />
			</texture>
			<descendants>
				<noderef id="table-leg-left-back" />
				<noderef id="table-leg-right-back" />
				<noderef id="table-leg-left-front" />
				<noderef id="table-leg-right-front" />
			</descendants>
		</node>
		<node id="table-leg-left-back">
			<material id="null" />
			<texture id="null">
				<amplification afs="1.0" aft="1.0" />
			</texture>
			<transformations>
				<translation x="-0.75" y="0" z="-0.4" />
			</transformations>
			<descendants>
				<noderef id="table-leg" />
			</descendants>
		</node>
		<node id="table-leg-right-back">
			<material id="null" />
			<texture id="null">
				<amplification afs="1.0" aft="1.0" />
			</texture>
			<transformations>
				<translation x="0.75" y="0" z="-0.4" />
			</transformations>
			<descendants>
				<noderef id="table-leg" />
			</descendants>
		</node>
		<node id="table-leg-left-front">
			<material id="null" />
			<texture id="null">
				<amplification afs="1.0" aft="1.0" />
			</texture>
			<transformations>
				<translation x="-0.75" y="0" z="0.4" />
			</transformations>
			<descendants>
				<noderef id="table-leg" />
			</descendants>
		</node>
		<node id="table-leg-right-front">
			<material id="null" />
			<texture id="null">
				<amplification afs="1.0" aft="1.0" />
			</texture>
			<transformations>
				<translation x="0.75" y="0" z="0.4" />
			</transformations>
			<descendants>
				<noderef id="table-leg" />
			</descendants>
		</node>
		<node id="table-leg">
			<material id="inox" />
			<texture id="null">
				<amplification afs="1" aft="1" />
			</texture>
			<transformations>
				<rotation axis="x" angle="-90" />
			</transformations>
			<descendants>
				<leaf type="cylinder" height="1" topRadius="0.03" bottomRadius="0.03" slices="10" stacks="10" />
			</descendants>
		</node>
		<!-- END - Table -->
		<!-- END - Tables -->
		<!-- Computer -->
		<node id="computer-pair">
			<material id="null" />
			<texture id="null">
				<amplification afs="1.0" aft="1.0" />
			</texture>
			<transformations>
				<translation x="0" y="1.05" z="0.3" />
			</transformations>
			<descendants>
				<noderef id="computer1" />
				<noderef id="computer2" />
			</descendants>
		</node>
		<node id="computer1">
			<material id="null" />
			<texture id="null">
				<amplification afs="1.0" aft="1.0" />
			</texture>
			<transformations>
				<translation x="-0.5" y="0" z="0" />
				<rotation axis="y" angle="-7.5" />
			</transformations>
			<descendants>
				<noderef id="computer" />
			</descendants>
		</node>
		<node id="computer2">
			<material id="null" />
			<texture id="null">
				<amplification afs="1.0" aft="1.0" />
			</texture>
			<transformations>
				<translation x="0.5" y="0" z="0" />
				<rotation axis="y" angle="7.5" />
			</transformations>
			<descendants>
				<noderef id="computer" />
			</descendants>
		</node>
		<node id="computer">
			<material id="clear" />
			<texture id="clear" />
			<descendants>
				<noderef id="support-base" />
				<noderef id="vertical-support-base" />
				<noderef id="vertical-support" />
				<noderef id="keyboard" />
				<noderef id="screen" />
			</descendants>
		</node>
		<node id="screen">
			<material id="monitor-parts" />
			<texture id="clear" />
			<transformations>
				<translation x="0" y="0.3" z="0" />
			</transformations>
			<descendants>
				<noderef id="frame" />
				<noderef id="screen-plate" />
			</descendants>
		</node>
		<node id="frame">
			<material id="monitor-parts" />
			<texture id="null">
				<amplification afs="1.0" aft="1.0" />
			</texture>
			<transformations>
				<scale sx="0.35" sy="0.2" sz="0.01" />
				<translation x="0" y="1" z="0" />
			</transformations>
			<descendants>
				<noderef id="cube" />
			</descendants>
		</node>
		<node id="screen-plate">
			<material id="reflective-screen" />
			<texture id="computer-wallpaper">
				<amplification afs="1.0" aft="1.0" />
			</texture>
			<transformations>
				<translation x="0" y="0.025" z="-0.005" />
				<scale sx="0.32" sy="0.175" sz="0.01" />
				<translation x="0" y="1" z="0" />
			</transformations>
			<descendants>
				<noderef id="cube" />
			</descendants>
		</node>
		<node id="support-base">
			<material id="computer-parts" />
			<texture id="clear" />
			<transformations>
				<scale sx="0.3" sy="0.075" sz="0.15" />
				<translation x="0" y="1" z="0" />
			</transformations>
			<descendants>
				<noderef id="cube" />
			</descendants>
		</node>
		<node id="vertical-support">
			<material id="monitor-parts" />
			<texture id="clear" />
			<transformations>
				<translation x="0" y="0.15" z="0" />
				<scale sx="0.01" sy="0.075" sz="0.01" />
				<translation x="0" y="1" z="0" />
			</transformations>
			<descendants>
				<noderef id="cube" />
			</descendants>
		</node>
		<node id="vertical-support-base">
			<material id="monitor-parts" />
			<texture id="clear" />
			<transformations>
				<translation x="0" y="0.15" z="-0.015" />
				<scale sx="0.075" sy="0.015" sz="0.05" />
				<translation x="0" y="1" z="0" />
			</transformations>
			<descendants>
				<noderef id="cube" />
			</descendants>
		</node>
		<node id="keyboard">
			<material id="null" />
			<texture id="null">
				<amplification afs="1.0" aft="1.0" />
			</texture>
			<transformations>
				<translation x="0" y="0" z="-0.35" />
			</transformations>
			<descendants>
				<noderef id="keyboard-top" />
				<noderef id="keyboard-bottom" />
				<noderef id="keyboard-left" />
				<noderef id="keyboard-right" />
				<noderef id="keyboard-back" />
				<noderef id="keyboard-front" />
			</descendants>
		</node>
		<node id="keyboard-top">
			<material id="keyboard-top" />
			<texture id="keyboard-top">
				<amplification afs="1" aft="1" />
			</texture>
			>
			<transformations>
				<translation x="0" y="0.05" z="0" />
				<rotation axis="x" angle="-90" />
				<rotation axis="z" angle="180" />
			</transformations>
			<descendants>
				<leaf type="rectangle" x1="-0.25" y1="-0.1" x2="0.25" y2="0.1" />
			</descendants>
		</node>
		<node id="keyboard-bottom">
			<material id="keyboard-parts" />
			<texture id="null">
				<amplification afs="1" aft="1" />
			</texture>
			<transformations>
				<rotation axis="x" angle="90" />
			</transformations>
			<descendants>
				<leaf type="rectangle" x1="-0.25" y1="-0.1" x2="0.25" y2="0.1" />
			</descendants>
		</node>
		<node id="keyboard-left">
			<material id="keyboard-parts" />
			<texture id="null">
				<amplification afs="1" aft="1" />
			</texture>
			<transformations>
				<translation x="-0.25" y="0.025" z="0" />
				<rotation axis="y" angle="-90" />
			</transformations>
			<descendants>
				<leaf type="rectangle" x1="-0.1" y1="-0.025" x2="0.1" y2="0.025" />
			</descendants>
		</node>
		<node id="keyboard-right">
			<material id="keyboard-parts" />
			<texture id="null">
				<amplification afs="1" aft="1" />
			</texture>
			<transformations>
				<translation x="0.25" y="0.025" z="0" />
				<rotation axis="y" angle="90" />
			</transformations>
			<descendants>
				<leaf type="rectangle" x1="-0.1" y1="-0.025" x2="0.1" y2="0.025" />
			</descendants>
		</node>
		<node id="keyboard-back">
			<material id="keyboard-parts" />
			<texture id="null">
				<amplification afs="1" aft="1" />
			</texture>
			<transformations>
				<translation x="0" y="0.025" z="-0.1" />
				<rotation axis="x" angle="180" />
			</transformations>
			<descendants>
				<leaf type="rectangle" x1="-0.25" y1="-0.025" x2="0.25" y2="0.025" />
			</descendants>
		</node>
		<node id="keyboard-front">
			<material id="keyboard-parts" />
			<texture id="null">
				<amplification afs="1" aft="1" />
			</texture>
			<transformations>
				<translation x="0" y="0" z="0.1" />
			</transformations>
			<descendants>
				<leaf type="rectangle" x1="-0.25" y1="0" x2="0.25" y2="0.05" />
			</descendants>
		</node>
		<!-- END - Computer -->
		<!-- Util objects -->
		<!-- Cube 2x2 center at 0,0 -->
		<node id="cube">
			<material id="null" />
			<texture id="null">
				<amplification afs="1.0" aft="1.0" />
			</texture>
			<descendants>
				<noderef id="cube-front" />
				<noderef id="cube-back" />
				<noderef id="cube-left" />
				<noderef id="cube-right" />
				<noderef id="cube-top" />
				<noderef id="cube-bottom" />
			</descendants>
		</node>
		<!-- Front face -->
		<node id="cube-front">
			<material id="null" />
			<texture id="null">
				<amplification afs="1" aft="1" />
			</texture>
			<transformations>
				<translation x="0" y="0" z="1" />
			</transformations>
			<descendants>
				<leaf type="rectangle" x1="-1" y1="-1" x2="1" y2="1" />
			</descendants>
		</node>
		<!-- Back face -->
		<node id="cube-back">
			<material id="null" />
			<texture id="null">
				<amplification afs="1" aft="1" />
			</texture>
			<transformations>
				<translation x="0" y="0" z="-1" />
				<rotation axis="y" angle="180" />
			</transformations>
			<descendants>
				<leaf type="rectangle" x1="-1" y1="-1" x2="1" y2="1" />
			</descendants>
		</node>
		<!-- Left face -->
		<node id="cube-left">
			<material id="null" />
			<texture id="null">
				<amplification afs="1" aft="1" />
			</texture>
			<transformations>
				<translation x="-1" y="0" z="0" />
				<rotation axis="y" angle="-90" />
			</transformations>
			<descendants>
				<leaf type="rectangle" x1="-1" y1="-1" x2="1" y2="1" />
			</descendants>
		</node>
		<!-- Right face -->
		<node id="cube-right">
			<material id="null" />
			<texture id="null">
				<amplification afs="1" aft="1" />
			</texture>
			<transformations>
				<translation x="1" y="0" z="0" />
				<rotation axis="y" angle="90" />
			</transformations>
			<descendants>
				<leaf type="rectangle" x1="-1" y1="-1" x2="1" y2="1" />
			</descendants>
		</node>
		<!-- Top face -->
		<node id="cube-top">
			<material id="null" />
			<texture id="null">
				<amplification afs="1" aft="1" />
			</texture>
			<transformations>
				<translation x="0" y="1" z="0" />
				<rotation axis="x" angle="-90" />
			</transformations>
			<descendants>
				<leaf type="rectangle" x1="-1" y1="-1" x2="1" y2="1" />
			</descendants>
		</node>
		<!-- Bottom face -->
		<node id="cube-bottom">
			<material id="null" />
			<texture id="null">
				<amplification afs="1" aft="1" />
			</texture>
			<transformations>
				<translation x="0" y="-1" z="0" />
				<rotation axis="x" angle="90" />
			</transformations>
			<descendants>
				<leaf type="rectangle" x1="-1" y1="-1" x2="1" y2="1" />
			</descendants>
		</node>
		<!-- END - Cube -->
		<!-- END - Util objects -->
	</nodes>
</lsf>
